Scenario,Stage,Priority,ExpectedResult,StatusForDiploma
Запуск приложения и диагностика,Startup,High,"Открывается главное окно, отображается состояние камеры, модели и БД",Проверить вручную
Старт и повторный стоп камеры,Camera,High,"Повторное нажатие выключает камеру, кадр не зависает",Проверить вручную
Запись нового жеста,Training,High,"В data/gestures/<label> появляются sample_*.npy",Проверить вручную
Синхронизация с БД,Storage,High,"В gestures и gesture_samples появляются записи нового жеста",Проверить вручную
Обучение классификатора,ML,High,"Формируются knn.pkl, classes.json, feature_dim.txt",Проверить вручную
Привязка жеста к команде,Binding,High,"Команда сохраняется в БД и связывается с активным жестом",Проверить вручную
Распознавание и выполнение действия,Recognition,High,"Отображаются label/confidence, команда выполняется после проверок политики",Проверить вручную
Удаление записанных сэмплов,Training,High,"Сэмплы удаляются через окно обучения, gesture_samples очищается, команда отвязывается",Проверить вручную
Самопроверка настроек,Settings,Medium,"Показываются статусы config, database, model, classes.json, feature_dim",Проверить вручную
